bind	resi	aa	freq
high_bind	91	L	0.0
high_bind	91	F	10.714285714285714
high_bind	91	A	0.0
high_bind	91	Y	35.714285714285715
high_bind	91	R	0.0
high_bind	91	W	53.57142857142857
high_bind	91	T	0.0
low_bind	91	L	2.4390243902439024
low_bind	91	F	4.878048780487805
low_bind	91	A	4.878048780487805
low_bind	91	Y	31.70731707317073
low_bind	91	R	7.317073170731707
low_bind	91	W	46.34146341463415
low_bind	91	T	2.4390243902439024
high_bind	96	L	7.142857142857142
high_bind	96	F	0.0
high_bind	96	V	32.142857142857146
high_bind	96	C	3.571428571428571
high_bind	96	D	3.571428571428571
high_bind	96	A	7.142857142857142
high_bind	96	Y	7.142857142857142
high_bind	96	P	10.714285714285714
high_bind	96	R	3.571428571428571
high_bind	96	S	17.857142857142858
high_bind	96	W	3.571428571428571
high_bind	96	G	3.571428571428571
low_bind	96	L	7.317073170731707
low_bind	96	F	4.878048780487805
low_bind	96	V	26.82926829268293
low_bind	96	C	0.0
low_bind	96	D	2.4390243902439024
low_bind	96	A	2.4390243902439024
low_bind	96	Y	26.82926829268293
low_bind	96	P	2.4390243902439024
low_bind	96	R	2.4390243902439024
low_bind	96	S	2.4390243902439024
low_bind	96	W	17.073170731707318
low_bind	96	G	4.878048780487805
